[
  {
    "path": "1-0-migration-checklist.md",
    "title": "n8n v1.0 migration guide"
  },
  {
    "path": "choose-n8n.md",
    "title": "Choose your n8n"
  },
  {
    "path": "external-secrets.md",
    "title": "External secrets"
  },
  {
    "path": "glossary.md",
    "title": "glossary"
  },
  {
    "path": "keyboard-shortcuts.md",
    "title": "Keyboard shortcuts and controls"
  },
  {
    "path": "log-streaming.md",
    "title": "Log streaming"
  },
  {
    "path": "release-notes.md",
    "title": "Release notes"
  },
  {
    "path": "sustainable-use-license.md",
    "title": "Sustainable Use License"
  },
  {
    "path": "advanced-ai/index.md",
    "title": "Advanced AI"
  },
  {
    "path": "advanced-ai/intro-tutorial.md",
    "title": "Build an AI chat agent with n8n"
  },
  {
    "path": "advanced-ai/evaluations/tips-and-common-issues.md",
    "title": "Tips and common issues"
  },
  {
    "path": "advanced-ai/examples/agent-chain-comparison.md",
    "title": "Demonstration of key differences between agents and chains"
  },
  {
    "path": "advanced-ai/examples/api-workflow-tool.md",
    "title": "Call an API to fetch data"
  },
  {
    "path": "advanced-ai/examples/data-google-sheets.md",
    "title": "Chat with a Google Sheet using AI"
  },
  {
    "path": "advanced-ai/examples/human-fallback.md",
    "title": "Have a human fallback for AI workflows"
  },
  {
    "path": "advanced-ai/examples/understand-vector-databases.md",
    "title": "What are vector databases?"
  },
  {
    "path": "advanced-ai/examples/using-the-fromai-function.md",
    "title": "Let AI specify the tool parameters"
  },
  {
    "path": "advanced-ai/examples/vector-store-website.md",
    "title": "Populate a Pinecone vector database from a website"
  },
  {
    "path": "advanced-ai/langchain/langchain-n8n.md",
    "title": "LangChain concepts in n8n"
  },
  {
    "path": "advanced-ai/langchain/langsmith.md",
    "title": "Use LangSmith with n8n"
  },
  {
    "path": "api/authentication.md",
    "title": "API authentication"
  },
  {
    "path": "api/index.md",
    "title": "n8n public REST API"
  },
  {
    "path": "api/pagination.md",
    "title": "API pagination"
  },
  {
    "path": "api/using-api-playground.md",
    "title": "Using the API playground"
  },
  {
    "path": "code/ai-code.md",
    "title": "AI coding with GPT"
  },
  {
    "path": "code/expressions.md",
    "title": "Expressions"
  },
  {
    "path": "code/index.md",
    "title": "Code in n8n"
  },
  {
    "path": "code/builtin/current-node-input.md",
    "title": "Current node input"
  },
  {
    "path": "code/builtin/date-time.md",
    "title": "Built-in date and time methods"
  },
  {
    "path": "code/builtin/jmespath.md",
    "title": "JMESPath method"
  }
]