[
  {
    "path": "1-0-migration-checklist.md",
    "title": "n8n v1.0 migration guide"
  },
  {
    "path": "external-secrets.md",
    "title": "External secrets"
  },
  {
    "path": "insights.md",
    "title": "Insights"
  },
  {
    "path": "learning-path.md",
    "title": "learning-path"
  },
  {
    "path": "release-notes.md",
    "title": "Release notes"
  },
  {
    "path": "sustainable-use-license.md",
    "title": "Sustainable Use License"
  },
  {
    "path": "video-courses.md",
    "title": "Video courses"
  },
  {
    "path": "advanced-ai/intro-tutorial.md",
    "title": "Build an AI chat agent with n8n"
  },
  {
    "path": "advanced-ai/evaluations/light-evaluations.md",
    "title": "Light evaluations"
  },
  {
    "path": "advanced-ai/evaluations/overview.md",
    "title": "Overview"
  },
  {
    "path": "advanced-ai/evaluations/tips-and-common-issues.md",
    "title": "Tips and common issues"
  },
  {
    "path": "advanced-ai/examples/api-workflow-tool.md",
    "title": "Call an API to fetch data"
  },
  {
    "path": "advanced-ai/examples/using-the-fromai-function.md",
    "title": "Let AI specify the tool parameters"
  },
  {
    "path": "advanced-ai/langchain/langchain-n8n.md",
    "title": "LangChain concepts in n8n"
  },
  {
    "path": "code/ai-code.md",
    "title": "AI coding with GPT"
  },
  {
    "path": "code/expressions.md",
    "title": "Expressions"
  }
]